Timestamp,Name,Recognition Type
2024-12-06 04:53:33,kp,Recognized
2024-12-06 05:01:55,kp,Recognized
2024-12-06 05:01:55,kp,Recognized
2024-12-06 05:01:55,kp,Recognized
2024-12-06 05:01:56,kp,Recognized
2024-12-06 05:01:56,kp,Recognized
2024-12-06 05:01:56,kp,Recognized
2024-12-06 05:01:56,kp,Recognized
2024-12-06 05:01:56,kp,Recognized
2024-12-06 05:01:57,kp,Recognized
2024-12-06 05:01:57,kp,Recognized
2024-12-06 05:01:57,kp,Recognized
2024-12-06 05:01:57,kp,Recognized
2024-12-06 05:01:58,kp,Recognized
2024-12-06 05:02:24,kp,Recognized
2024-12-06 05:03:03,kp,Recognized
2024-12-06 05:03:48,kp,Recognized
2024-12-06 05:03:52,yash,Recognized
2024-12-06 05:03:55,Unknown,Unrecognized
2024-12-06 05:04:00,muzzzu,Recognized
2024-12-06 10:17:42,kp,Recognized
2024-12-06 10:17:43,srujan,Recognized
2024-12-06 10:20:46,srujan,Recognized
2024-12-06 10:20:47,kp,Recognized
2024-12-06 10:20:49,yash,Recognized
2024-12-06 10:20:50,muzzzu,Recognized
2024-12-06 10:21:06,Unknown,Unrecognized
2024-12-06 10:21:53,srujan,Recognized
2024-12-06 10:21:53,Unknown,Unrecognized
2024-12-06 10:22:08,kp,Recognized
2024-12-06 21:58:27,Unknown,Unrecognized
2024-12-06 21:58:32,kp,Recognized
2024-12-06 21:59:10,yash,Recognized
2024-12-07 09:33:58,Unknown,Unrecognized
2024-12-07 09:33:58,kp,Recognized
2024-12-11 10:27:16,Unknown,Unrecognized
2024-12-11 10:27:23,kp,Recognized
2024-12-11 15:11:49,Unknown,Unrecognized
2024-12-11 15:11:49,kp,Recognized
2024-12-11 15:12:22,yash,Recognized
2024-12-11 15:19:55,Unknown,Unrecognized
2024-12-11 15:19:55,kp,Recognized
2024-12-12 11:09:17,kp,Recognized
2024-12-12 11:09:18,Unknown,Unrecognized
2024-12-12 11:19:49,kp,Recognized
2024-12-12 11:19:50,Unknown,Unrecognized
2024-12-12 11:55:15,Unknown,Unrecognized
2024-12-12 11:56:26,Unknown,Unrecognized
2024-12-12 12:10:45,kp,Recognized
2024-12-12 12:10:47,Unknown,Unrecognized
2024-12-12 12:11:03,tharun,Recognized
2024-12-12 12:14:21,kp,Recognized
2024-12-12 12:14:23,Unknown,Unrecognized
2024-12-12 12:14:24,rahul,Recognized
